{"musicsSlider":0.2442999929189682,"sounddsSlider":0.3103431463241577}