{"musicsSlider":0.7550324201583862,"sounddsSlider":0.41930922865867617}