{"musicsSlider":0.07443520426750183,"sounddsSlider":0.05552113056182861}