{"musicsSlider":0.5052889585494995,"sounddsSlider":0.022115346044301988}