{"musicsSlider":0.22630728781223298,"sounddsSlider":0.41930922865867617}